Origin,Destination,Hour,Travel_Time_min,Toll_AED,Gate_Count
Marina,Downtown,8,14.762863819608414,12,2
Marina,Downtown,8,14.774160764695228,12,2
Marina,Downtown,8,14.778767157461946,12,2
Marina,Downtown,8,14.782271855182717,12,2
Marina,Downtown,8,14.782726684238959,12,2
Marina,Downtown,8,14.784254930181865,12,2
Marina,Downtown,8,14.785986915936624,12,2
Marina,Downtown,8,14.79006410254876,12,2
Marina,Downtown,8,14.83893907685205,12,2
Marina,Downtown,8,15.342436239015033,12,2
Marina,Downtown,8,14.914402630171422,12,2
Marina,Downtown,8,15.343221656614993,12,2
Marina,Downtown,8,14.858347112426351,12,2
Marina,Downtown,8,15.417899792334405,12,2
Marina,Downtown,8,15.846718818777978,12,2
Marina,Downtown,8,15.580303669851405,12,2
Marina,Downtown,14,14.762863819608414,8,2
Marina,Downtown,14,14.774160764695228,8,2
Marina,Downtown,14,14.778767157461946,8,2
Marina,Downtown,14,14.782271855182717,8,2
Marina,Downtown,14,14.782726684238959,8,2
Marina,Downtown,14,14.784254930181865,8,2
Marina,Downtown,14,14.785986915936624,8,2
Marina,Downtown,14,14.79006410254876,8,2
Marina,Downtown,14,14.83893907685205,8,2
Marina,Downtown,14,15.342436239015033,8,2
Marina,Downtown,14,14.914402630171422,8,2
Marina,Downtown,14,15.343221656614993,8,2
Marina,Downtown,14,14.858347112426351,8,2
Marina,Downtown,14,15.417899792334405,8,2
Marina,Downtown,14,15.846718818777978,8,2
Marina,Downtown,14,15.580303669851405,8,2
Marina,Downtown,18,14.762863819608414,12,2
Marina,Downtown,18,14.774160764695228,12,2
Marina,Downtown,18,14.778767157461946,12,2
Marina,Downtown,18,14.782271855182717,12,2
Marina,Downtown,18,14.782726684238959,12,2
Marina,Downtown,18,14.784254930181865,12,2
Marina,Downtown,18,14.785986915936624,12,2
Marina,Downtown,18,14.79006410254876,12,2
Marina,Downtown,18,14.83893907685205,12,2
Marina,Downtown,18,15.342436239015033,12,2
Marina,Downtown,18,14.914402630171422,12,2
Marina,Downtown,18,15.343221656614993,12,2
Marina,Downtown,18,14.858347112426351,12,2
Marina,Downtown,18,15.417899792334405,12,2
Marina,Downtown,18,15.846718818777978,12,2
Marina,Downtown,18,15.580303669851405,12,2
Marina,BusinessBay,8,13.461033106427774,12,2
Marina,BusinessBay,8,13.480441142002075,12,2
Marina,BusinessBay,8,13.481056348753363,12,2
Marina,BusinessBay,8,13.482424217001222,12,2
Marina,BusinessBay,8,13.493871118928784,12,2
Marina,BusinessBay,8,13.495815639497714,12,2
Marina,BusinessBay,8,13.500464384327666,12,2
Marina,BusinessBay,8,13.501832252575527,12,2
Marina,BusinessBay,8,13.964530268590757,12,2
Marina,BusinessBay,8,13.965315686190717,12,2
Marina,BusinessBay,8,14.468812848353702,12,2
Marina,BusinessBay,8,14.202397699427129,12,2
Marina,BusinessBay,8,14.685969493186523,12,2
Marina,BusinessBay,8,13.98393830416506,12,2
Marina,BusinessBay,14,13.461033106427774,8,2
Marina,BusinessBay,14,13.480441142002075,8,2
Marina,BusinessBay,14,13.481056348753363,8,2
Marina,BusinessBay,14,13.482424217001222,8,2
Marina,BusinessBay,14,13.493871118928784,8,2
Marina,BusinessBay,14,13.495815639497714,8,2
Marina,BusinessBay,14,13.500464384327666,8,2
Marina,BusinessBay,14,13.501832252575527,8,2
Marina,BusinessBay,14,13.964530268590757,8,2
Marina,BusinessBay,14,13.965315686190717,8,2
Marina,BusinessBay,14,14.468812848353702,8,2
Marina,BusinessBay,14,14.202397699427129,8,2
Marina,BusinessBay,14,14.685969493186523,8,2
Marina,BusinessBay,14,13.98393830416506,8,2
Marina,BusinessBay,18,13.461033106427774,12,2
Marina,BusinessBay,18,13.480441142002075,12,2
Marina,BusinessBay,18,13.481056348753363,12,2
Marina,BusinessBay,18,13.482424217001222,12,2
Marina,BusinessBay,18,13.493871118928784,12,2
Marina,BusinessBay,18,13.495815639497714,12,2
Marina,BusinessBay,18,13.500464384327666,12,2
Marina,BusinessBay,18,13.501832252575527,12,2
Marina,BusinessBay,18,13.964530268590757,12,2
Marina,BusinessBay,18,13.965315686190717,12,2
Marina,BusinessBay,18,14.468812848353702,12,2
Marina,BusinessBay,18,14.202397699427129,12,2
Marina,BusinessBay,18,14.685969493186523,12,2
Marina,BusinessBay,18,13.98393830416506,12,2
Marina,DXB,8,25.21230181457002,24,4
Marina,DXB,8,25.219557662555825,24,4
Marina,DXB,8,25.231035704108663,24,4
Marina,DXB,8,25.23170985014432,24,4
Marina,DXB,8,25.232029781829677,24,4
Marina,DXB,8,25.23369292514347,24,4
Marina,DXB,8,25.23729811472415,24,4
Marina,DXB,8,25.238291552094474,24,4
Marina,DXB,8,26.477339613964716,24,4
Marina,DXB,8,26.458605724426075,24,4
Marina,DXB,8,26.9808367761277,24,4
Marina,DXB,8,26.962102886589054,24,4
Marina,DXB,8,26.98162219372766,24,4
Marina,DXB,8,26.72164404987943,24,4
Marina,DXB,8,26.962888304189015,24,4
Marina,DXB,8,26.496747649539017,24,4
Marina,DXB,14,25.21230181457002,16,4
Marina,DXB,14,25.219557662555825,16,4
Marina,DXB,14,25.231035704108663,16,4
Marina,DXB,14,25.23170985014432,16,4
Marina,DXB,14,25.232029781829677,16,4
Marina,DXB,14,25.23369292514347,16,4
Marina,DXB,14,25.23729811472415,16,4
Marina,DXB,14,25.238291552094474,16,4
Marina,DXB,14,26.477339613964716,16,4
Marina,DXB,14,26.458605724426075,16,4
Marina,DXB,14,26.9808367761277,16,4
Marina,DXB,14,26.962102886589054,16,4
Marina,DXB,14,26.98162219372766,16,4
Marina,DXB,14,26.72164404987943,16,4
Marina,DXB,14,26.962888304189015,16,4
Marina,DXB,14,26.496747649539017,16,4
Marina,DXB,18,25.21230181457002,24,4
Marina,DXB,18,25.219557662555825,24,4
Marina,DXB,18,25.231035704108663,24,4
Marina,DXB,18,25.23170985014432,24,4
Marina,DXB,18,25.232029781829677,24,4
Marina,DXB,18,25.23369292514347,24,4
Marina,DXB,18,25.23729811472415,24,4
Marina,DXB,18,25.238291552094474,24,4
Marina,DXB,18,26.477339613964716,24,4
Marina,DXB,18,26.458605724426075,24,4
Marina,DXB,18,26.9808367761277,24,4
Marina,DXB,18,26.962102886589054,24,4
Marina,DXB,18,26.98162219372766,24,4
Marina,DXB,18,26.72164404987943,24,4
Marina,DXB,18,26.962888304189015,24,4
Marina,DXB,18,26.496747649539017,24,4
Marina,Mirdif,8,27.587077019994943,24,4
Marina,Mirdif,8,27.606485055569244,24,4
Marina,Mirdif,8,27.608468130568394,24,4
Marina,Mirdif,8,27.610876872381155,24,4
Marina,Mirdif,8,27.6278761661427,24,4
Marina,Mirdif,8,27.630284907955456,24,4
Marina,Mirdif,8,27.632267982954605,24,4
Marina,Mirdif,8,27.65167601852891,24,4
Marina,Mirdif,8,27.955832367449535,24,4
Marina,Mirdif,8,28.459329529612525,24,4
Marina,Mirdif,8,28.460114947212485,24,4
Marina,Mirdif,8,28.200136803364256,24,4
Marina,Mirdif,8,28.029654831190854,24,4
Marina,Mirdif,8,27.975240403023836,24,4
Marina,Mirdif,8,28.963612109375465,24,4
Marina,Mirdif,8,28.697196960448892,24,4
Marina,Mirdif,14,27.587077019994943,16,4
Marina,Mirdif,14,27.606485055569244,16,4
Marina,Mirdif,14,27.608468130568394,16,4
Marina,Mirdif,14,27.610876872381155,16,4
Marina,Mirdif,14,27.6278761661427,16,4
Marina,Mirdif,14,27.630284907955456,16,4
Marina,Mirdif,14,27.632267982954605,16,4
Marina,Mirdif,14,27.65167601852891,16,4
Marina,Mirdif,14,27.955832367449535,16,4
Marina,Mirdif,14,28.459329529612525,16,4
Marina,Mirdif,14,28.460114947212485,16,4
Marina,Mirdif,14,28.200136803364256,16,4
Marina,Mirdif,14,28.029654831190854,16,4
Marina,Mirdif,14,27.975240403023836,16,4
Marina,Mirdif,14,28.963612109375465,16,4
Marina,Mirdif,14,28.697196960448892,16,4
Marina,Mirdif,18,27.587077019994943,24,4
Marina,Mirdif,18,27.606485055569244,24,4
Marina,Mirdif,18,27.608468130568394,24,4
Marina,Mirdif,18,27.610876872381155,24,4
Marina,Mirdif,18,27.6278761661427,24,4
Marina,Mirdif,18,27.630284907955456,24,4
Marina,Mirdif,18,27.632267982954605,24,4
Marina,Mirdif,18,27.65167601852891,24,4
Marina,Mirdif,18,27.955832367449535,24,4
Marina,Mirdif,18,28.459329529612525,24,4
Marina,Mirdif,18,28.460114947212485,24,4
Marina,Mirdif,18,28.200136803364256,24,4
Marina,Mirdif,18,28.029654831190854,24,4
Marina,Mirdif,18,27.975240403023836,24,4
Marina,Mirdif,18,28.963612109375465,24,4
Marina,Mirdif,18,28.697196960448892,24,4
Marina,Qusais,8,25.480182062690453,24,4
Marina,Qusais,8,25.487738420608693,24,4
Marina,Qusais,8,25.490383393253566,24,4
Marina,Qusais,8,25.497939751171806,24,4
Marina,Qusais,8,25.499590098264754,24,4
Marina,Qusais,8,25.501573173263903,24,4
Marina,Qusais,8,25.505178362844585,24,4
Marina,Qusais,8,25.50714645618299,24,4
Marina,Qusais,8,26.44372731170678,24,4
Marina,Qusais,8,26.424993422168136,24,4
Marina,Qusais,8,26.947224473869763,24,4
Marina,Qusais,8,26.92849058433112,24,4
Marina,Qusais,8,26.948009891469724,24,4
Marina,Qusais,8,26.688031747621494,24,4
Marina,Qusais,8,26.92927600193108,24,4
Marina,Qusais,8,26.451202421280232,24,4
Marina,Qusais,14,25.480182062690453,16,4
Marina,Qusais,14,25.487738420608693,16,4
Marina,Qusais,14,25.490383393253566,16,4
Marina,Qusais,14,25.497939751171806,16,4
Marina,Qusais,14,25.499590098264754,16,4
Marina,Qusais,14,25.501573173263903,16,4
Marina,Qusais,14,25.505178362844585,16,4
Marina,Qusais,14,25.50714645618299,16,4
Marina,Qusais,14,26.44372731170678,16,4
Marina,Qusais,14,26.424993422168136,16,4
Marina,Qusais,14,26.947224473869763,16,4
Marina,Qusais,14,26.92849058433112,16,4
Marina,Qusais,14,26.948009891469724,16,4
Marina,Qusais,14,26.688031747621494,16,4
Marina,Qusais,14,26.92927600193108,16,4
Marina,Qusais,14,26.451202421280232,16,4
Marina,Qusais,18,25.480182062690453,24,4
Marina,Qusais,18,25.487738420608693,24,4
Marina,Qusais,18,25.490383393253566,24,4
Marina,Qusais,18,25.497939751171806,24,4
Marina,Qusais,18,25.499590098264754,24,4
Marina,Qusais,18,25.501573173263903,24,4
Marina,Qusais,18,25.505178362844585,24,4
Marina,Qusais,18,25.50714645618299,24,4
Marina,Qusais,18,26.44372731170678,24,4
Marina,Qusais,18,26.424993422168136,24,4
Marina,Qusais,18,26.947224473869763,24,4
Marina,Qusais,18,26.92849058433112,24,4
Marina,Qusais,18,26.948009891469724,24,4
Marina,Qusais,18,26.688031747621494,24,4
Marina,Qusais,18,26.92927600193108,24,4
Marina,Qusais,18,26.451202421280232,24,4
Marina,Deira,8,22.458483023629377,24,4
Marina,Deira,8,22.477891059203678,24,4
Marina,Deira,8,22.479874134202827,24,4
Marina,Deira,8,22.499282169777132,24,4
Marina,Deira,8,22.503411836490905,24,4
Marina,Deira,8,22.506694393858258,24,4
Marina,Deira,8,22.506749810817475,24,4
Marina,Deira,8,22.50822196915325,24,4
Marina,Deira,8,28.122563652540194,0,0
Marina,Deira,8,28.596509893366466,0,0
Marina,Deira,8,28.337009918175287,0,0
Marina,Deira,8,28.82226587181795,0,0
Marina,Deira,8,28.322294038081154,0,0
Marina,Deira,8,28.339286161224656,0,0
Marina,Deira,8,29.11378064981322,0,0
Marina,Deira,8,28.810956159001556,0,0
Marina,Deira,14,22.458483023629377,16,4
Marina,Deira,14,22.477891059203678,16,4
Marina,Deira,14,22.479874134202827,16,4
Marina,Deira,14,22.499282169777132,16,4
Marina,Deira,14,22.503411836490905,16,4
Marina,Deira,14,22.506694393858258,16,4
Marina,Deira,14,22.506749810817475,16,4
Marina,Deira,14,22.50822196915325,16,4
Marina,Deira,14,28.122563652540194,0,0
Marina,Deira,14,28.596509893366466,0,0
Marina,Deira,14,28.337009918175287,0,0
Marina,Deira,14,28.82226587181795,0,0
Marina,Deira,14,28.322294038081154,0,0
Marina,Deira,14,28.339286161224656,0,0
Marina,Deira,14,29.11378064981322,0,0
Marina,Deira,14,28.810956159001556,0,0
Marina,Deira,18,22.458483023629377,24,4
Marina,Deira,18,22.477891059203678,24,4
Marina,Deira,18,22.479874134202827,24,4
Marina,Deira,18,22.499282169777132,24,4
Marina,Deira,18,22.503411836490905,24,4
Marina,Deira,18,22.506694393858258,24,4
Marina,Deira,18,22.506749810817475,24,4
Marina,Deira,18,22.50822196915325,24,4
Marina,Deira,18,28.122563652540194,0,0
Marina,Deira,18,28.596509893366466,0,0
Marina,Deira,18,28.337009918175287,0,0
Marina,Deira,18,28.82226587181795,0,0
Marina,Deira,18,28.322294038081154,0,0
Marina,Deira,18,28.339286161224656,0,0
Marina,Deira,18,29.11378064981322,0,0
Marina,Deira,18,28.810956159001556,0,0
Marina,JebelAli,8,16.781930762303176,6,1
Marina,JebelAli,8,16.79199285990607,6,1
Marina,JebelAli,8,16.803321872876626,6,1
Marina,JebelAli,8,16.825729122602024,6,1
Marina,JebelAli,8,16.813383970479517,6,1
Marina,JebelAli,8,16.835791220204918,6,1
Marina,JebelAli,8,16.824273071528143,6,1
Marina,JebelAli,8,16.824766454535826,6,1
Marina,JebelAli,8,17.508242787827363,6,1
Marina,JebelAli,8,17.49818069022447,6,1
Marina,JebelAli,14,16.781930762303176,4,1
Marina,JebelAli,14,16.79199285990607,4,1
Marina,JebelAli,14,16.803321872876626,4,1
Marina,JebelAli,14,16.825729122602024,4,1
Marina,JebelAli,14,16.813383970479517,4,1
Marina,JebelAli,14,16.835791220204918,4,1
Marina,JebelAli,14,16.824273071528143,4,1
Marina,JebelAli,14,16.824766454535826,4,1
Marina,JebelAli,14,17.508242787827363,4,1
Marina,JebelAli,14,17.49818069022447,4,1
Marina,JebelAli,18,16.781930762303176,6,1
Marina,JebelAli,18,16.79199285990607,6,1
Marina,JebelAli,18,16.803321872876626,6,1
Marina,JebelAli,18,16.825729122602024,6,1
Marina,JebelAli,18,16.813383970479517,6,1
Marina,JebelAli,18,16.835791220204918,6,1
Marina,JebelAli,18,16.824273071528143,6,1
Marina,JebelAli,18,16.824766454535826,6,1
Marina,JebelAli,18,17.508242787827363,6,1
Marina,JebelAli,18,17.49818069022447,6,1
JLT,Downtown,8,14.859370689793735,12,2
JLT,Downtown,8,14.870667634880549,12,2
JLT,Downtown,8,14.875180310391196,12,2
JLT,Downtown,8,14.875274027647267,12,2
JLT,Downtown,8,14.87923355442428,12,2
JLT,Downtown,8,14.882493786121945,12,2
JLT,Downtown,8,14.88647725547801,12,2
JLT,Downtown,8,14.88657097273408,12,2
JLT,Downtown,8,14.93544594703737,12,2
JLT,Downtown,8,15.438943109200354,12,2
JLT,Downtown,8,15.010909500356743,12,2
JLT,Downtown,8,15.439728526800314,12,2
JLT,Downtown,8,15.514406662519725,12,2
JLT,Downtown,8,15.943225688963299,12,2
JLT,Downtown,8,15.676810540036724,12,2
JLT,Downtown,8,16.160382333796118,12,2
JLT,Downtown,14,14.859370689793735,8,2
JLT,Downtown,14,14.870667634880549,8,2
JLT,Downtown,14,14.875180310391196,8,2
JLT,Downtown,14,14.875274027647267,8,2
JLT,Downtown,14,14.87923355442428,8,2
JLT,Downtown,14,14.882493786121945,8,2
JLT,Downtown,14,14.88647725547801,8,2
JLT,Downtown,14,14.88657097273408,8,2
JLT,Downtown,14,14.93544594703737,8,2
JLT,Downtown,14,15.438943109200354,8,2
JLT,Downtown,14,15.010909500356743,8,2
JLT,Downtown,14,15.439728526800314,8,2
JLT,Downtown,14,15.514406662519725,8,2
JLT,Downtown,14,15.943225688963299,8,2
JLT,Downtown,14,15.676810540036724,8,2
JLT,Downtown,14,16.160382333796118,8,2
JLT,Downtown,18,14.859370689793735,12,2
JLT,Downtown,18,14.870667634880549,12,2
JLT,Downtown,18,14.875180310391196,12,2
JLT,Downtown,18,14.875274027647267,12,2
JLT,Downtown,18,14.87923355442428,12,2
JLT,Downtown,18,14.882493786121945,12,2
JLT,Downtown,18,14.88647725547801,12,2
JLT,Downtown,18,14.88657097273408,12,2
JLT,Downtown,18,14.93544594703737,12,2
JLT,Downtown,18,15.438943109200354,12,2
JLT,Downtown,18,15.010909500356743,12,2
JLT,Downtown,18,15.439728526800314,12,2
JLT,Downtown,18,15.514406662519725,12,2
JLT,Downtown,18,15.943225688963299,12,2
JLT,Downtown,18,15.676810540036724,12,2
JLT,Downtown,18,16.160382333796118,12,2
JLT,BusinessBay,8,13.557539976613095,12,2
JLT,BusinessBay,8,13.573349597210555,12,2
JLT,BusinessBay,8,13.577563218938684,12,2
JLT,BusinessBay,8,13.590377989114105,12,2
JLT,BusinessBay,8,13.592322509683035,12,2
JLT,BusinessBay,8,13.593372839536146,12,2
JLT,BusinessBay,8,13.597164118854405,12,2
JLT,BusinessBay,8,13.598941354663289,12,2
JLT,BusinessBay,8,14.061037138776078,12,2
JLT,BusinessBay,8,14.061822556376038,12,2
JLT,BusinessBay,8,14.565319718539023,12,2
JLT,BusinessBay,8,14.29890456961245,12,2
JLT,BusinessBay,8,14.782476363371844,12,2
JLT,BusinessBay,8,14.802401731775435,12,2
JLT,BusinessBay,8,14.803187149375393,12,2
JLT,BusinessBay,14,13.557539976613095,8,2
JLT,BusinessBay,14,13.573349597210555,8,2
JLT,BusinessBay,14,13.577563218938684,8,2
JLT,BusinessBay,14,13.590377989114105,8,2
JLT,BusinessBay,14,13.592322509683035,8,2
JLT,BusinessBay,14,13.593372839536146,8,2
JLT,BusinessBay,14,13.597164118854405,8,2
JLT,BusinessBay,14,13.598941354663289,8,2
JLT,BusinessBay,14,14.061037138776078,8,2
JLT,BusinessBay,14,14.061822556376038,8,2
JLT,BusinessBay,14,14.565319718539023,8,2
JLT,BusinessBay,14,14.29890456961245,8,2
JLT,BusinessBay,14,14.782476363371844,8,2
JLT,BusinessBay,14,14.802401731775435,8,2
JLT,BusinessBay,14,14.803187149375393,8,2
JLT,BusinessBay,18,13.557539976613095,12,2
JLT,BusinessBay,18,13.573349597210555,12,2
JLT,BusinessBay,18,13.577563218938684,12,2
JLT,BusinessBay,18,13.590377989114105,12,2
JLT,BusinessBay,18,13.592322509683035,12,2
JLT,BusinessBay,18,13.593372839536146,12,2
JLT,BusinessBay,18,13.597164118854405,12,2
JLT,BusinessBay,18,13.598941354663289,12,2
JLT,BusinessBay,18,14.061037138776078,12,2
JLT,BusinessBay,18,14.061822556376038,12,2
JLT,BusinessBay,18,14.565319718539023,12,2
JLT,BusinessBay,18,14.29890456961245,12,2
JLT,BusinessBay,18,14.782476363371844,12,2
JLT,BusinessBay,18,14.802401731775435,12,2
JLT,BusinessBay,18,14.803187149375393,12,2
JLT,DXB,8,25.308808684755338,24,4
JLT,DXB,8,25.316064532741148,24,4
JLT,DXB,8,25.324618305352796,24,4
JLT,DXB,8,25.327542574293986,24,4
JLT,DXB,8,25.328536652015,24,4
JLT,DXB,8,25.331874153338607,24,4
JLT,DXB,8,25.333804984909474,24,4
JLT,DXB,8,25.334798422279793,24,4
JLT,DXB,8,26.573846484150042,24,4
JLT,DXB,8,26.55511259461139,24,4
JLT,DXB,8,27.07734364631302,24,4
JLT,DXB,8,27.058609756774374,24,4
JLT,DXB,8,27.078129063912982,24,4
JLT,DXB,8,26.818150920064753,24,4
JLT,DXB,8,27.059395174374334,24,4
JLT,DXB,8,26.799417030526104,24,4
JLT,DXB,14,25.308808684755338,16,4
JLT,DXB,14,25.316064532741148,16,4
JLT,DXB,14,25.324618305352796,16,4
JLT,DXB,14,25.327542574293986,16,4
JLT,DXB,14,25.328536652015,16,4
JLT,DXB,14,25.331874153338607,16,4
JLT,DXB,14,25.333804984909474,16,4
JLT,DXB,14,25.334798422279793,16,4
JLT,DXB,14,26.573846484150042,16,4
JLT,DXB,14,26.55511259461139,16,4
JLT,DXB,14,27.07734364631302,16,4
JLT,DXB,14,27.058609756774374,16,4
JLT,DXB,14,27.078129063912982,16,4
JLT,DXB,14,26.818150920064753,16,4
JLT,DXB,14,27.059395174374334,16,4
JLT,DXB,14,26.799417030526104,16,4
JLT,DXB,18,25.308808684755338,24,4
JLT,DXB,18,25.316064532741148,24,4
JLT,DXB,18,25.324618305352796,24,4
JLT,DXB,18,25.327542574293986,24,4
JLT,DXB,18,25.328536652015,24,4
JLT,DXB,18,25.331874153338607,24,4
JLT,DXB,18,25.333804984909474,24,4
JLT,DXB,18,25.334798422279793,24,4
JLT,DXB,18,26.573846484150042,24,4
JLT,DXB,18,26.55511259461139,24,4
JLT,DXB,18,27.07734364631302,24,4
JLT,DXB,18,27.058609756774374,24,4
JLT,DXB,18,27.078129063912982,24,4
JLT,DXB,18,26.818150920064753,24,4
JLT,DXB,18,27.059395174374334,24,4
JLT,DXB,18,26.799417030526104,24,4
JLT,Mirdif,8,27.683583890180266,24,4
JLT,Mirdif,8,27.699393510777725,24,4
JLT,Mirdif,8,27.707383742566478,24,4
JLT,Mirdif,8,27.723193363163936,24,4
JLT,Mirdif,8,27.723208032421574,24,4
JLT,Mirdif,8,27.731754263707593,24,4
JLT,Mirdif,8,27.740208306094914,24,4
JLT,Mirdif,8,27.747007884807786,24,4
JLT,Mirdif,8,28.052339237634857,24,4
JLT,Mirdif,8,28.55583639979784,24,4
JLT,Mirdif,8,28.5566218173978,24,4
JLT,Mirdif,8,28.29664367354957,24,4
JLT,Mirdif,8,28.12616170137618,24,4
JLT,Mirdif,8,29.060118979560784,24,4
JLT,Mirdif,8,28.79370383063421,24,4
JLT,Mirdif,8,29.27727562439361,24,4
JLT,Mirdif,14,27.683583890180266,16,4
JLT,Mirdif,14,27.699393510777725,16,4
JLT,Mirdif,14,27.707383742566478,16,4
JLT,Mirdif,14,27.723193363163936,16,4
JLT,Mirdif,14,27.723208032421574,16,4
JLT,Mirdif,14,27.731754263707593,16,4
JLT,Mirdif,14,27.740208306094914,16,4
JLT,Mirdif,14,27.747007884807786,16,4
JLT,Mirdif,14,28.052339237634857,16,4
JLT,Mirdif,14,28.55583639979784,16,4
JLT,Mirdif,14,28.5566218173978,16,4
JLT,Mirdif,14,28.29664367354957,16,4
JLT,Mirdif,14,28.12616170137618,16,4
JLT,Mirdif,14,29.060118979560784,16,4
JLT,Mirdif,14,28.79370383063421,16,4
JLT,Mirdif,14,29.27727562439361,16,4
JLT,Mirdif,18,27.683583890180266,24,4
JLT,Mirdif,18,27.699393510777725,24,4
JLT,Mirdif,18,27.707383742566478,24,4
JLT,Mirdif,18,27.723193363163936,24,4
JLT,Mirdif,18,27.723208032421574,24,4
JLT,Mirdif,18,27.731754263707593,24,4
JLT,Mirdif,18,27.740208306094914,24,4
JLT,Mirdif,18,27.747007884807786,24,4
JLT,Mirdif,18,28.052339237634857,24,4
JLT,Mirdif,18,28.55583639979784,24,4
JLT,Mirdif,18,28.5566218173978,24,4
JLT,Mirdif,18,28.29664367354957,24,4
JLT,Mirdif,18,28.12616170137618,24,4
JLT,Mirdif,18,29.060118979560784,24,4
JLT,Mirdif,18,28.79370383063421,24,4
JLT,Mirdif,18,29.27727562439361,24,4
JLT,Qusais,8,25.576688932875772,24,4
JLT,Qusais,8,25.584245290794012,24,4
JLT,Qusais,8,25.586890263438885,24,4
JLT,Qusais,8,25.59249855347323,24,4
JLT,Qusais,8,25.594446621357125,24,4
JLT,Qusais,8,25.60005491139147,24,4
JLT,Qusais,8,25.601685233029908,24,4
JLT,Qusais,8,25.602699884036344,24,4
JLT,Qusais,8,26.540234181892103,24,4
JLT,Qusais,8,26.521500292353455,24,4
JLT,Qusais,8,27.043731344055082,24,4
JLT,Qusais,8,27.024997454516438,24,4
JLT,Qusais,8,27.044516761655043,24,4
JLT,Qusais,8,26.784538617806813,24,4
JLT,Qusais,8,27.025782872116398,24,4
JLT,Qusais,8,26.54770929146555,24,4
JLT,Qusais,14,25.576688932875772,16,4
JLT,Qusais,14,25.584245290794012,16,4
JLT,Qusais,14,25.586890263438885,16,4
JLT,Qusais,14,25.59249855347323,16,4
JLT,Qusais,14,25.594446621357125,16,4
JLT,Qusais,14,25.60005491139147,16,4
JLT,Qusais,14,25.601685233029908,16,4
JLT,Qusais,14,25.602699884036344,16,4
JLT,Qusais,14,26.540234181892103,16,4
JLT,Qusais,14,26.521500292353455,16,4
JLT,Qusais,14,27.043731344055082,16,4
JLT,Qusais,14,27.024997454516438,16,4
JLT,Qusais,14,27.044516761655043,16,4
JLT,Qusais,14,26.784538617806813,16,4
JLT,Qusais,14,27.025782872116398,16,4
JLT,Qusais,14,26.54770929146555,16,4
JLT,Qusais,18,25.576688932875772,24,4
JLT,Qusais,18,25.584245290794012,24,4
JLT,Qusais,18,25.586890263438885,24,4
JLT,Qusais,18,25.59249855347323,24,4
JLT,Qusais,18,25.594446621357125,24,4
JLT,Qusais,18,25.60005491139147,24,4
JLT,Qusais,18,25.601685233029908,24,4
JLT,Qusais,18,25.602699884036344,24,4
JLT,Qusais,18,26.540234181892103,24,4
JLT,Qusais,18,26.521500292353455,24,4
JLT,Qusais,18,27.043731344055082,24,4
JLT,Qusais,18,27.024997454516438,24,4
JLT,Qusais,18,27.044516761655043,24,4
JLT,Qusais,18,26.784538617806813,24,4
JLT,Qusais,18,27.025782872116398,24,4
JLT,Qusais,18,26.54770929146555,24,4
JLT,Deira,8,22.5549898938147,24,4
JLT,Deira,8,22.57079951441216,24,4
JLT,Deira,8,22.594614036056008,24,4
JLT,Deira,8,22.599918706676227,24,4
JLT,Deira,8,22.603160267342027,24,4
JLT,Deira,8,22.60320126404358,24,4
JLT,Deira,8,22.603256681002794,24,4
JLT,Deira,8,22.604728839338573,24,4
JLT,Deira,8,28.95705634391266,0,0
JLT,Deira,8,29.431002584738923,0,0
JLT,Deira,8,29.171502609547755,0,0
JLT,Deira,8,29.65675856319042,0,0
JLT,Deira,8,29.15678672945362,0,0
JLT,Deira,8,29.173778852597124,0,0
JLT,Deira,8,29.948273341185686,0,0
JLT,Deira,8,29.645448850374017,0,0
JLT,Deira,14,22.5549898938147,16,4
JLT,Deira,14,22.57079951441216,16,4
JLT,Deira,14,22.594614036056008,16,4
JLT,Deira,14,22.599918706676227,16,4
JLT,Deira,14,22.603160267342027,16,4
JLT,Deira,14,22.60320126404358,16,4
JLT,Deira,14,22.603256681002794,16,4
JLT,Deira,14,22.604728839338573,16,4
JLT,Deira,14,28.95705634391266,0,0
JLT,Deira,14,29.431002584738923,0,0
JLT,Deira,14,29.171502609547755,0,0
JLT,Deira,14,29.65675856319042,0,0
JLT,Deira,14,29.15678672945362,0,0
JLT,Deira,14,29.173778852597124,0,0
JLT,Deira,14,29.948273341185686,0,0
JLT,Deira,14,29.645448850374017,0,0
JLT,Deira,18,22.5549898938147,24,4
JLT,Deira,18,22.57079951441216,24,4
JLT,Deira,18,22.594614036056008,24,4
JLT,Deira,18,22.599918706676227,24,4
JLT,Deira,18,22.603160267342027,24,4
JLT,Deira,18,22.60320126404358,24,4
JLT,Deira,18,22.603256681002794,24,4
JLT,Deira,18,22.604728839338573,24,4
JLT,Deira,18,28.95705634391266,0,0
JLT,Deira,18,29.431002584738923,0,0
JLT,Deira,18,29.171502609547755,0,0
JLT,Deira,18,29.65675856319042,0,0
JLT,Deira,18,29.15678672945362,0,0
JLT,Deira,18,29.173778852597124,0,0
JLT,Deira,18,29.948273341185686,0,0
JLT,Deira,18,29.645448850374017,0,0
JLT,JebelAli,8,18.614271090587536,6,1
JLT,JebelAli,8,18.61517422226084,6,1
JLT,JebelAli,8,18.61773318436127,6,1
JLT,JebelAli,8,18.618636316034568,6,1
JLT,JebelAli,8,18.658069450886384,6,1
JLT,JebelAli,8,18.658972582559684,6,1
JLT,JebelAli,8,18.661531544660118,6,1
JLT,JebelAli,8,18.662434676333415,6,1
JLT,JebelAli,8,19.525658161696843,6,1
JLT,JebelAli,8,19.526561293370143,6,1
JLT,JebelAli,8,20.241908089618132,6,1
JLT,JebelAli,8,20.242811221291433,6,1
JLT,JebelAli,8,19.569456521995686,6,1
JLT,JebelAli,8,19.57035965366899,6,1
JLT,JebelAli,8,20.47090260614177,6,1
JLT,JebelAli,8,20.471805737815075,6,1
JLT,JebelAli,14,18.614271090587536,4,1
JLT,JebelAli,14,18.61517422226084,4,1
JLT,JebelAli,14,18.61773318436127,4,1
JLT,JebelAli,14,18.618636316034568,4,1
JLT,JebelAli,14,18.658069450886384,4,1
JLT,JebelAli,14,18.658972582559684,4,1
JLT,JebelAli,14,18.661531544660118,4,1
JLT,JebelAli,14,18.662434676333415,4,1
JLT,JebelAli,14,19.525658161696843,4,1
JLT,JebelAli,14,19.526561293370143,4,1
JLT,JebelAli,14,20.241908089618132,4,1
JLT,JebelAli,14,20.242811221291433,4,1
JLT,JebelAli,14,19.569456521995686,4,1
JLT,JebelAli,14,19.57035965366899,4,1
JLT,JebelAli,14,20.47090260614177,4,1
JLT,JebelAli,14,20.471805737815075,4,1
JLT,JebelAli,18,18.614271090587536,6,1
JLT,JebelAli,18,18.61517422226084,6,1
JLT,JebelAli,18,18.61773318436127,6,1
JLT,JebelAli,18,18.618636316034568,6,1
JLT,JebelAli,18,18.658069450886384,6,1
JLT,JebelAli,18,18.658972582559684,6,1
JLT,JebelAli,18,18.661531544660118,6,1
JLT,JebelAli,18,18.662434676333415,6,1
JLT,JebelAli,18,19.525658161696843,6,1
JLT,JebelAli,18,19.526561293370143,6,1
JLT,JebelAli,18,20.241908089618132,6,1
JLT,JebelAli,18,20.242811221291433,6,1
JLT,JebelAli,18,19.569456521995686,6,1
JLT,JebelAli,18,19.57035965366899,6,1
JLT,JebelAli,18,20.47090260614177,6,1
JLT,JebelAli,18,20.471805737815075,6,1
Barsha,Downtown,8,12.553941030414148,6,1
Barsha,Downtown,8,12.561996524791253,6,1
Barsha,Downtown,8,12.565237975500962,6,1
Barsha,Downtown,8,12.56984436826768,6,1
Barsha,Downtown,8,12.573293469878065,6,1
Barsha,Downtown,8,12.573803895044694,6,1
Barsha,Downtown,8,12.575769067149052,6,1
Barsha,Downtown,8,12.577064126742357,6,1
Barsha,Downtown,8,15.604170422787881,0,0
Barsha,Downtown,8,15.679633976107253,0,0
Barsha,Downtown,8,15.632173619444059,0,0
Barsha,Downtown,8,15.648645509753429,0,0
Barsha,Downtown,8,15.641755565877723,0,0
Barsha,Downtown,8,15.574981267895932,0,0
Barsha,Downtown,8,15.625998459522783,0,0
Barsha,Downtown,8,15.62409715034507,0,0
Barsha,Downtown,14,12.553941030414148,4,1
Barsha,Downtown,14,12.561996524791253,4,1
Barsha,Downtown,14,12.565237975500962,4,1
Barsha,Downtown,14,12.56984436826768,4,1
Barsha,Downtown,14,12.573293469878065,4,1
Barsha,Downtown,14,12.573803895044694,4,1
Barsha,Downtown,14,12.575769067149052,4,1
Barsha,Downtown,14,12.577064126742357,4,1
Barsha,Downtown,14,15.604170422787881,0,0
Barsha,Downtown,14,15.679633976107253,0,0
Barsha,Downtown,14,15.632173619444059,0,0
Barsha,Downtown,14,15.648645509753429,0,0
Barsha,Downtown,14,15.641755565877723,0,0
Barsha,Downtown,14,15.574981267895932,0,0
Barsha,Downtown,14,15.625998459522783,0,0
Barsha,Downtown,14,15.62409715034507,0,0
Barsha,Downtown,18,12.553941030414148,6,1
Barsha,Downtown,18,12.561996524791253,6,1
Barsha,Downtown,18,12.565237975500962,6,1
Barsha,Downtown,18,12.56984436826768,6,1
Barsha,Downtown,18,12.573293469878065,6,1
Barsha,Downtown,18,12.573803895044694,6,1
Barsha,Downtown,18,12.575769067149052,6,1
Barsha,Downtown,18,12.577064126742357,6,1
Barsha,Downtown,18,15.604170422787881,0,0
Barsha,Downtown,18,15.679633976107253,0,0
Barsha,Downtown,18,15.632173619444059,0,0
Barsha,Downtown,18,15.648645509753429,0,0
Barsha,Downtown,18,15.641755565877723,0,0
Barsha,Downtown,18,15.574981267895932,0,0
Barsha,Downtown,18,15.625998459522783,0,0
Barsha,Downtown,18,15.62409715034507,0,0
Barsha,BusinessBay,8,11.252110317233507,6,1
Barsha,BusinessBay,8,11.260165811610612,6,1
Barsha,BusinessBay,8,11.272133559559098,6,1
Barsha,BusinessBay,8,11.273938353968411,6,1
Barsha,BusinessBay,8,11.276223285921276,6,1
Barsha,BusinessBay,8,11.278706476651935,6,1
Barsha,BusinessBay,8,11.278937591425743,6,1
Barsha,BusinessBay,8,11.279974564144958,6,1
Barsha,BusinessBay,8,14.323864440163018,0,0
Barsha,BusinessBay,8,14.351867636819197,0,0
Barsha,BusinessBay,8,14.368339527128565,0,0
Barsha,BusinessBay,8,14.36144958325286,0,0
Barsha,BusinessBay,8,14.294675285271069,0,0
Barsha,BusinessBay,8,14.34569247689792,0,0
Barsha,BusinessBay,8,14.343791167720207,0,0
Barsha,BusinessBay,8,14.452382512187375,0,0
Barsha,BusinessBay,14,11.252110317233507,4,1
Barsha,BusinessBay,14,11.260165811610612,4,1
Barsha,BusinessBay,14,11.272133559559098,4,1
Barsha,BusinessBay,14,11.273938353968411,4,1
Barsha,BusinessBay,14,11.276223285921276,4,1
Barsha,BusinessBay,14,11.278706476651935,4,1
Barsha,BusinessBay,14,11.278937591425743,4,1
Barsha,BusinessBay,14,11.279974564144958,4,1
Barsha,BusinessBay,14,14.323864440163018,0,0
Barsha,BusinessBay,14,14.351867636819197,0,0
Barsha,BusinessBay,14,14.368339527128565,0,0
Barsha,BusinessBay,14,14.36144958325286,0,0
Barsha,BusinessBay,14,14.294675285271069,0,0
Barsha,BusinessBay,14,14.34569247689792,0,0
Barsha,BusinessBay,14,14.343791167720207,0,0
Barsha,BusinessBay,14,14.452382512187375,0,0
Barsha,BusinessBay,18,11.252110317233507,6,1
Barsha,BusinessBay,18,11.260165811610612,6,1
Barsha,BusinessBay,18,11.272133559559098,6,1
Barsha,BusinessBay,18,11.273938353968411,6,1
Barsha,BusinessBay,18,11.276223285921276,6,1
Barsha,BusinessBay,18,11.278706476651935,6,1
Barsha,BusinessBay,18,11.278937591425743,6,1
Barsha,BusinessBay,18,11.279974564144958,6,1
Barsha,BusinessBay,18,14.323864440163018,0,0
Barsha,BusinessBay,18,14.351867636819197,0,0
Barsha,BusinessBay,18,14.368339527128565,0,0
Barsha,BusinessBay,18,14.36144958325286,0,0
Barsha,BusinessBay,18,14.294675285271069,0,0
Barsha,BusinessBay,18,14.34569247689792,0,0
Barsha,BusinessBay,18,14.343791167720207,0,0
Barsha,BusinessBay,18,14.452382512187375,0,0
Barsha,DXB,8,23.00337902537575,18,3
Barsha,DXB,8,23.010634873361557,18,3
Barsha,DXB,8,23.011434519752857,18,3
Barsha,DXB,8,23.018690367738664,18,3
Barsha,DXB,8,23.022112914914395,18,3
Barsha,DXB,8,23.02310699263541,18,3
Barsha,DXB,8,23.025207062110656,18,3
Barsha,DXB,8,23.027491994063517,18,3
Barsha,DXB,8,25.468796649563036,18,3
Barsha,DXB,8,25.450062760024384,18,3
Barsha,DXB,8,25.496799846219215,18,3
Barsha,DXB,8,25.51327173652858,18,3
Barsha,DXB,8,25.71310108547775,18,3
Barsha,DXB,8,25.506381792652878,18,3
Barsha,DXB,8,25.47806595668057,18,3
Barsha,DXB,8,25.49062468629794,18,3
Barsha,DXB,14,23.00337902537575,12,3
Barsha,DXB,14,23.010634873361557,12,3
Barsha,DXB,14,23.011434519752857,12,3
Barsha,DXB,14,23.018690367738664,12,3
Barsha,DXB,14,23.022112914914395,12,3
Barsha,DXB,14,23.02310699263541,12,3
Barsha,DXB,14,23.025207062110656,12,3
Barsha,DXB,14,23.027491994063517,12,3
Barsha,DXB,14,25.468796649563036,12,3
Barsha,DXB,14,25.450062760024384,12,3
Barsha,DXB,14,25.496799846219215,12,3
Barsha,DXB,14,25.51327173652858,12,3
Barsha,DXB,14,25.71310108547775,12,3
Barsha,DXB,14,25.506381792652878,12,3
Barsha,DXB,14,25.47806595668057,12,3
Barsha,DXB,14,25.49062468629794,12,3
Barsha,DXB,18,23.00337902537575,18,3
Barsha,DXB,18,23.010634873361557,18,3
Barsha,DXB,18,23.011434519752857,18,3
Barsha,DXB,18,23.018690367738664,18,3
Barsha,DXB,18,23.022112914914395,18,3
Barsha,DXB,18,23.02310699263541,18,3
Barsha,DXB,18,23.025207062110656,18,3
Barsha,DXB,18,23.027491994063517,18,3
Barsha,DXB,18,25.468796649563036,18,3
Barsha,DXB,18,25.450062760024384,18,3
Barsha,DXB,18,25.496799846219215,18,3
Barsha,DXB,18,25.51327173652858,18,3
Barsha,DXB,18,25.71310108547775,18,3
Barsha,DXB,18,25.506381792652878,18,3
Barsha,DXB,18,25.47806595668057,18,3
Barsha,DXB,18,25.49062468629794,18,3
Barsha,Mirdif,8,24.038676366631293,6,1
Barsha,Mirdif,8,24.051852316965938,6,1
Barsha,Mirdif,8,24.0605044033662,6,1
Barsha,Mirdif,8,24.062476219017505,6,1
Barsha,Mirdif,8,24.064862262073596,6,1
Barsha,Mirdif,8,24.066679563287472,6,1
Barsha,Mirdif,8,24.06728052512784,6,1
Barsha,Mirdif,8,24.073680353700844,6,1
Barsha,Mirdif,8,28.686123864768607,6,1
Barsha,Mirdif,8,28.88982622798228,6,1
Barsha,Mirdif,8,28.872481590965556,6,1
Barsha,Mirdif,8,28.917313697251128,6,1
Barsha,Mirdif,8,29.027643754563922,6,1
Barsha,Mirdif,8,28.804389716157548,6,1
Barsha,Mirdif,8,29.11064215795261,6,1
Barsha,Mirdif,8,28.714127061424787,6,1
Barsha,Mirdif,14,24.038676366631293,4,1
Barsha,Mirdif,14,24.051852316965938,4,1
Barsha,Mirdif,14,24.0605044033662,4,1
Barsha,Mirdif,14,24.062476219017505,4,1
Barsha,Mirdif,14,24.064862262073596,4,1
Barsha,Mirdif,14,24.066679563287472,4,1
Barsha,Mirdif,14,24.06728052512784,4,1
Barsha,Mirdif,14,24.073680353700844,4,1
Barsha,Mirdif,14,28.686123864768607,4,1
Barsha,Mirdif,14,28.88982622798228,4,1
Barsha,Mirdif,14,28.872481590965556,4,1
Barsha,Mirdif,14,28.917313697251128,4,1
Barsha,Mirdif,14,29.027643754563922,4,1
Barsha,Mirdif,14,28.804389716157548,4,1
Barsha,Mirdif,14,29.11064215795261,4,1
Barsha,Mirdif,14,28.714127061424787,4,1
Barsha,Mirdif,18,24.038676366631293,6,1
Barsha,Mirdif,18,24.051852316965938,6,1
Barsha,Mirdif,18,24.0605044033662,6,1
Barsha,Mirdif,18,24.062476219017505,6,1
Barsha,Mirdif,18,24.064862262073596,6,1
Barsha,Mirdif,18,24.066679563287472,6,1
Barsha,Mirdif,18,24.06728052512784,6,1
Barsha,Mirdif,18,24.073680353700844,6,1
Barsha,Mirdif,18,28.686123864768607,6,1
Barsha,Mirdif,18,28.88982622798228,6,1
Barsha,Mirdif,18,28.872481590965556,6,1
Barsha,Mirdif,18,28.917313697251128,6,1
Barsha,Mirdif,18,29.027643754563922,6,1
Barsha,Mirdif,18,28.804389716157548,6,1
Barsha,Mirdif,18,29.11064215795261,6,1
Barsha,Mirdif,18,28.714127061424787,6,1
Barsha,Qusais,8,23.271259273496185,18,3
Barsha,Qusais,8,23.278815631414425,18,3
Barsha,Qusais,8,23.27931476787329,18,3
Barsha,Qusais,8,23.281460604059298,18,3
Barsha,Qusais,8,23.28687112579153,18,3
Barsha,Qusais,8,23.289016961977538,18,3
Barsha,Qusais,8,23.289516098436405,18,3
Barsha,Qusais,8,23.29308731023109,18,3
Barsha,Qusais,8,25.435184347305096,18,3
Barsha,Qusais,8,25.41645045776645,18,3
Barsha,Qusais,8,25.46318754396128,18,3
Barsha,Qusais,8,25.479659434270648,18,3
Barsha,Qusais,8,25.679488783219814,18,3
Barsha,Qusais,8,25.44265945687855,18,3
Barsha,Qusais,8,25.472769490394942,18,3
Barsha,Qusais,8,25.522214944824906,18,3
Barsha,Qusais,14,23.271259273496185,12,3
Barsha,Qusais,14,23.278815631414425,12,3
Barsha,Qusais,14,23.27931476787329,12,3
Barsha,Qusais,14,23.281460604059298,12,3
Barsha,Qusais,14,23.28687112579153,12,3
Barsha,Qusais,14,23.289016961977538,12,3
Barsha,Qusais,14,23.289516098436405,12,3
Barsha,Qusais,14,23.29308731023109,12,3
Barsha,Qusais,14,25.435184347305096,12,3
Barsha,Qusais,14,25.41645045776645,12,3
Barsha,Qusais,14,25.46318754396128,12,3
Barsha,Qusais,14,25.479659434270648,12,3
Barsha,Qusais,14,25.679488783219814,12,3
Barsha,Qusais,14,25.44265945687855,12,3
Barsha,Qusais,14,25.472769490394942,12,3
Barsha,Qusais,14,25.522214944824906,12,3
Barsha,Qusais,18,23.271259273496185,18,3
Barsha,Qusais,18,23.278815631414425,18,3
Barsha,Qusais,18,23.27931476787329,18,3
Barsha,Qusais,18,23.281460604059298,18,3
Barsha,Qusais,18,23.28687112579153,18,3
Barsha,Qusais,18,23.289016961977538,18,3
Barsha,Qusais,18,23.289516098436405,18,3
Barsha,Qusais,18,23.29308731023109,18,3
Barsha,Qusais,18,25.435184347305096,18,3
Barsha,Qusais,18,25.41645045776645,18,3
Barsha,Qusais,18,25.46318754396128,18,3
Barsha,Qusais,18,25.479659434270648,18,3
Barsha,Qusais,18,25.679488783219814,18,3
Barsha,Qusais,18,25.44265945687855,18,3
Barsha,Qusais,18,25.472769490394942,18,3
Barsha,Qusais,18,25.522214944824906,18,3
Barsha,Deira,8,20.249560234435112,18,3
Barsha,Deira,8,20.257615728812215,18,3
Barsha,Deira,8,20.271388271170014,18,3
Barsha,Deira,8,20.27367320312288,18,3
Barsha,Deira,8,20.276156393853537,18,3
Barsha,Deira,8,20.276387508627348,18,3
Barsha,Deira,8,20.27742448134656,18,3
Barsha,Deira,8,20.277563431091288,18,3
Barsha,Deira,8,24.579696480398873,0,0
Barsha,Deira,8,24.78190563181246,0,0
Barsha,Deira,8,24.58405732118357,0,0
Barsha,Deira,8,24.747620856353702,0,0
Barsha,Deira,8,24.727426063728323,0,0
Barsha,Deira,8,24.60769967705506,0,0
Barsha,Deira,8,25.059968410945043,0,0
Barsha,Deira,8,24.624171567364428,0,0
Barsha,Deira,14,20.249560234435112,12,3
Barsha,Deira,14,20.257615728812215,12,3
Barsha,Deira,14,20.271388271170014,12,3
Barsha,Deira,14,20.27367320312288,12,3
Barsha,Deira,14,20.276156393853537,12,3
Barsha,Deira,14,20.276387508627348,12,3
Barsha,Deira,14,20.27742448134656,12,3
Barsha,Deira,14,20.277563431091288,12,3
Barsha,Deira,14,24.579696480398873,0,0
Barsha,Deira,14,24.78190563181246,0,0
Barsha,Deira,14,24.58405732118357,0,0
Barsha,Deira,14,24.747620856353702,0,0
Barsha,Deira,14,24.727426063728323,0,0
Barsha,Deira,14,24.60769967705506,0,0
Barsha,Deira,14,25.059968410945043,0,0
Barsha,Deira,14,24.624171567364428,0,0
Barsha,Deira,18,20.249560234435112,18,3
Barsha,Deira,18,20.257615728812215,18,3
Barsha,Deira,18,20.271388271170014,18,3
Barsha,Deira,18,20.27367320312288,18,3
Barsha,Deira,18,20.276156393853537,18,3
Barsha,Deira,18,20.276387508627348,18,3
Barsha,Deira,18,20.27742448134656,18,3
Barsha,Deira,18,20.277563431091288,18,3
Barsha,Deira,18,24.579696480398873,0,0
Barsha,Deira,18,24.78190563181246,0,0
Barsha,Deira,18,24.58405732118357,0,0
Barsha,Deira,18,24.747620856353702,0,0
Barsha,Deira,18,24.727426063728323,0,0
Barsha,Deira,18,24.60769967705506,0,0
Barsha,Deira,18,25.059968410945043,0,0
Barsha,Deira,18,24.624171567364428,0,0
Barsha,JebelAli,8,22.709166474640256,6,1
Barsha,JebelAli,8,22.752964834939103,6,1
Barsha,JebelAli,8,22.752002166872906,6,1
Barsha,JebelAli,8,22.767966968073782,6,1
Barsha,JebelAli,8,22.770182198154078,6,1
Barsha,JebelAli,8,22.795800527171753,6,1
Barsha,JebelAli,8,22.783180322283034,6,1
Barsha,JebelAli,8,22.81176532837263,6,1
Barsha,JebelAli,8,23.039065753127787,6,1
Barsha,JebelAli,8,23.755315681049076,6,1
Barsha,JebelAli,8,23.082864113426634,6,1
Barsha,JebelAli,8,23.984310197572714,6,1
Barsha,JebelAli,8,23.081901445360437,6,1
Barsha,JebelAli,8,23.98942331579024,6,1
Barsha,JebelAli,8,23.799114041347924,6,1
Barsha,JebelAli,8,23.097866246561313,6,1
Barsha,JebelAli,14,22.709166474640256,4,1
Barsha,JebelAli,14,22.752964834939103,4,1
Barsha,JebelAli,14,22.752002166872906,4,1
Barsha,JebelAli,14,22.767966968073782,4,1
Barsha,JebelAli,14,22.770182198154078,4,1
Barsha,JebelAli,14,22.795800527171753,4,1
Barsha,JebelAli,14,22.783180322283034,4,1
Barsha,JebelAli,14,22.81176532837263,4,1
Barsha,JebelAli,14,23.039065753127787,4,1
Barsha,JebelAli,14,23.755315681049076,4,1
Barsha,JebelAli,14,23.082864113426634,4,1
Barsha,JebelAli,14,23.984310197572714,4,1
Barsha,JebelAli,14,23.081901445360437,4,1
Barsha,JebelAli,14,23.98942331579024,4,1
Barsha,JebelAli,14,23.799114041347924,4,1
Barsha,JebelAli,14,23.097866246561313,4,1
Barsha,JebelAli,18,22.709166474640256,6,1
Barsha,JebelAli,18,22.752964834939103,6,1
Barsha,JebelAli,18,22.752002166872906,6,1
Barsha,JebelAli,18,22.767966968073782,6,1
Barsha,JebelAli,18,22.770182198154078,6,1
Barsha,JebelAli,18,22.795800527171753,6,1
Barsha,JebelAli,18,22.783180322283034,6,1
Barsha,JebelAli,18,22.81176532837263,6,1
Barsha,JebelAli,18,23.039065753127787,6,1
Barsha,JebelAli,18,23.755315681049076,6,1
Barsha,JebelAli,18,23.082864113426634,6,1
Barsha,JebelAli,18,23.984310197572714,6,1
Barsha,JebelAli,18,23.081901445360437,6,1
Barsha,JebelAli,18,23.98942331579024,6,1
Barsha,JebelAli,18,23.799114041347924,6,1
Barsha,JebelAli,18,23.097866246561313,6,1
